id,n_crop,n_disease,n_medicine
1-1,[],[],['黄腐酸']
1-2,[],['根系发育不良'],"['甲壳素', '微生物菌剂']"
2-1,[],[],['钾肥']
2-2,[],['病毒病'],"['宁南霉素', '氨基寡糖素']"
3-1,[],[],"['生物菌肥', '芸苔素内酯']"
3-2,[],['用药不当'],['碧护']
4-1,[],[],['微生物菌剂']
4-2,[],['高温干旱'],"['硫酸铜', '螯合钙', '糖醇钙']"
5-1,[],['发病初期'],"['噻唑锌', '春雷霉素', '叶枯唑', '松脂酸铜 ， 噻菌铜', '氯溴异', '松脂酸铜', '噻菌铜', '生菌素']"
5-2,[],[],"['春雷喹啉铜', '春雷霉素', '叶枯唑', '王铜', '乙蒜素', '噻菌铜', '喹啉铜', '嘧霉胺']"
6-1,[],"['根腐病', '枯草芽孢杆菌']","['硫酸铜', '络氨铜', '甲霜灵', '硫酸铜钙', '咯菌腈', '甲霜恶霉灵', '精甲霜灵']"
6-2,[],"['根腐病', '茎基腐病']",[]
7-1,[],['疫病'],"['烯酰', '烯酰吗啉', '吡唑醚菌酯', '锰锌', '氰霜唑']"
7-2,[],['疫病'],"['普力克', '可杀得', '克露', '杀毒矾', '霜灵']"
8-1,[],"['地衣芽孢杆菌', '积累中毒', '土壤盐渍化']","['叶缘', '微生物菌剂']"
8-2,[],"['枯草芽孢杆菌', '根系不好']","['腐植酸', '碧护']"
9-1,[],"['枯草芽孢杆菌', '根系发育不良']",[]
9-2,[],"['枯草芽孢杆菌', '根系不好']","['氨基酸', '碧护']"
10-1,[],"['枯草芽孢杆菌', '根系发育不良']",[]
10-2,['辣椒'],['根腐病'],"['乙蒜素', '甲基硫菌灵', '溴菌腈', '碧护', '杀菌剂']"
11-1,[],['用药不当'],['碧护']
11-2,[],['疫病'],"['霜脲锰锌', '烯酰吗啉', '氟吗啉', '锰锌', '氰霜唑', '霜霉威盐酸盐']"
12-1,[],[],['微生物菌剂']
12-2,[],['灼果'],['合钙肥']
13-1,[],['疫病'],"['普力克', '湿性粉剂', '霜疫清', '克露', '雷多米尔', '甲霜灵', '百菌清', '肟菌酯', '锰锌', '代森锰锌', '杀菌剂']"
13-2,[],['疫病'],"['霜霉威', '烯酰吗啉']"
14-1,[],"['脐腐病', '缺钙']","['氨基酸', '磷酸二氢钾', '糖醇钙', '碧护']"
14-2,[],['疫病'],"['普力克', '湿性粉剂', '霜疫清', '克露', '雷多米尔', '甲霜灵', '百菌清', '肟菌酯', '锰锌', '代森锰锌', '杀菌剂']"
15-1,[],"['枯萎病', '青枯病', '根腐病']",[]
15-2,[],['青枯病'],"['腐植酸', '磷酸二氢钾', '碧护']"
16-1,[],['缺硼'],"['螯合钙', '磷酸二氢钾', '速乐硼']"
16-2,[],['高温灼伤'],['微生物菌剂']
17-1,[],"['枯草芽孢杆菌', '根系发育不良导致']","['磷酸二氢钾', '碧护']"
18-1,[],['炭疽病'],"['肟菌戊唑醇', '氨基酸叶面肥', '磷酸二氢钾', '碧护', '叶面肥']"
18-2,[],"['炭疽', '炭疽病']","['腐霉利', '咪鲜胺锰盐', '溴菌腈', '吡唑醚菌酯', '苯甲溴菌腈', '啶氧菌酯']"
18-3,[],['炭疽病'],"['肟菌戊唑醇', '氨基酸叶面肥', '磷酸二氢钾', '碧护', '叶面肥']"
19-1,[],['煤污病'],"['腐霉利', '噻虫嗪', '联苯菊酯', '联苯菊酯螺虫乙酯', '腐霉利嘧霉胺']"
19-2,[],[],"['生物菌肥', '芸苔素内酯']"
19-3,[],['煤污病'],"['腐霉利', '噻虫嗪', '联苯菊酯', '联苯菊酯螺虫乙酯', '腐霉利嘧霉胺']"
20-1,[],"['根腐病', '枯草芽孢杆菌']","['霜霉威', '酸钠', '恶霉灵', '王铜', '生根剂', '甲霜灵']"
20-2,[],"['茎基腐病', '疫霉']","['霜霉威', '烯酰吗啉', '湿性粉剂']"
20-3,[],"['根腐病', '枯草芽孢杆菌']","['霜霉威', '酸钠', '恶霉灵', '王铜', '生根剂', '甲霜灵']"
21-1,[],['霜霉病'],"['烯酰', '烯酰吗啉', '嘧菌酯', '霜脲氰', '氟吗啉', '锰锌', '氰霜唑', '杀菌剂']"
21-2,[],['霜霉病'],['克露']
21-3,[],['霜霉病'],"['烯酰', '烯酰吗啉', '嘧菌酯', '霜脲氰', '氟吗啉', '锰锌', '氰霜唑', '杀菌剂']"
22-1,[],['枯草芽孢杆菌'],['腐植酸']
22-2,[],"['枯草芽孢杆菌', '根系发育不良导致']","['磷酸二氢钾', '碧护']"
22-3,[],['枯草芽孢杆菌'],['腐植酸']
23-1,[],[],[]
23-2,[],['供应不足'],['磷酸二氢钾']
23-3,[],[],[]
24-1,[],['疫病危害'],[]
24-2,[],[],"['钾肥', '速乐硼', '碧护', '鳌合钙']"
24-3,[],['疫病危害'],[]
25-2,[],"['枯草芽孢杆菌', '根系发育不良导致']","['磷酸二氢钾', '碧护']"
26-1,[],[],"['氨基酸叶面肥', '磷酸二氢钾', '碧护']"
26-2,[],['用药不当'],"['芸苔素内酯', '碧护']"
26-3,[],[],"['氨基酸叶面肥', '磷酸二氢钾', '碧护']"
27-1,[],"['枯草芽孢杆菌', '茎基腐病']",['恶霉灵']
27-2,[],"['茎基腐病', '疫霉']","['氰霜唑', '湿性粉剂', '锰锌']"
28-1,[],[],['生物菌肥']
28-3,[],[],['生物菌肥']
29-1,[],"['脐腐病', '缺钙']",['螯合钙']
29-2,['辣椒'],"['脐腐病', '缺钙']","['氨基酸', '钾肥', '糖醇钙']"
29-3,['辣椒'],"['脐腐病', '缺钙']","['氨基酸', '钾肥', '糖醇钙']"
30-1,[],"['枯草芽孢杆菌', '根系发育不良']",[]
30-2,[],['施药不当'],['微生物菌剂']
30-3,[],"['枯草芽孢杆菌', '根系发育不良']",[]
31-1,[],[],"['宁南霉素', '氨基寡糖素']"
31-2,[],[],"['氨基酸', '碧护', '十芸苔素']"
31-3,[],[],"['宁南霉素', '氨基寡糖素']"
32-1,[],['用药不当'],"['芸苔素内酯', '氨基酸叶面肥', '磷酸二氢钾', '碧护', '叶面肥', '黄腐酸']"
32-2,[],[],"['氨基酸叶面肥', '磷酸二氢钾', '碧护']"
32-3,[],['用药不当'],"['芸苔素内酯', '氨基酸叶面肥', '磷酸二氢钾', '碧护', '叶面肥', '黄腐酸']"
33-1,[],"['枯草芽孢杆菌', '茎基腐病']","['咯菌腈', '霜灵', '甲霜恶霉灵']"
33-2,[],"['枯草芽孢杆菌', '土壤病菌', '病菌消毒处理不当', '茎基腐病']",[]
33-3,[],"['枯草芽孢杆菌', '茎基腐病']","['咯菌腈', '霜灵', '甲霜恶霉灵']"
34-1,[],['蚜虫'],[]
34-2,[],"['蚜虫', '氟啶虫']",['吡蚜酮']
34-3,[],"['蚜虫', '氟啶虫']",['吡蚜酮']
35-1,[],['霜霉病'],"['霜霉威', '烯酰吗啉', '菌胺', '湿性粉剂']"
35-2,[],['霜霉病'],"['霜霉威', '烯酰', '烯酰吗啉', '甲霜灵 ， 精甲霜灵', '嘧菌酯', '代森锌', '氟吗啉', '代森锌 ， 丙森锌', '丙森锌', '甲霜灵', '精甲霜灵']"
35-3,[],['霜霉病'],"['霜霉威', '烯酰吗啉', '菌胺', '湿性粉剂']"
36-1,[],"['枯草芽孢杆菌', '茎基腐病']","['咯菌腈', '霜灵', '甲霜恶霉灵']"
36-2,[],"['根腐病', '枯草芽孢杆菌']","['氨基酸', '甲霜灵', '络氨铜']"
36-3,[],"['枯草芽孢杆菌', '茎基腐病']","['咯菌腈', '霜灵', '甲霜恶霉灵']"
37-1,[],"['脐腐病', '缺钙']","['氨基酸', '硝酸钙']"
37-2,[],"['脐腐病', '缺钙']",[]
37-3,[],"['脐腐病', '缺钙']","['氨基酸', '硝酸钙']"
38-1,[],['用药不当'],['碧护']
38-2,[],[],"['氨基酸叶面肥', '磷酸二氢钾', '碧护']"
38-3,[],[],"['氨基酸叶面肥', '磷酸二氢钾', '碧护']"
39-1,[],[],"['除草剂残留', '磷酸二氢钾', '碧护']"
39-2,[],[],"['氨基酸', '碧护', '十芸苔素']"
39-3,[],[],"['除草剂残留', '磷酸二氢钾', '碧护']"
40-1,[],['疫病危害'],"['霜霉威', '烯酰吗啉', '菌胺', '湿性粉剂']"
40-2,[],"['脐腐病', '缺钙']","['氨基酸', '螯合钙']"
40-3,[],['疫病危害'],"['霜霉威', '烯酰吗啉', '菌胺', '湿性粉剂']"
41-1,[],['疫病危害'],['克露']
41-2,[],['疫病'],"['克露', '霜锰锌', '杀毒矾', '双炔酰菌胺', '锰锌', '代森锰锌', '恶霜灵']"
41-3,[],['疫病危害'],['克露']
42-1,[],['用药不当'],['碧护']
42-2,[],['肥害'],['微生物菌剂']
42-3,[],['肥害'],['微生物菌剂']
43-1,[],[],"['黄腐酸', '腐酸']"
43-2,[],"['根系吸收障碍', '土壤板结']","['生物菌肥', '水溶肥', '海藻酸', '磷酸二氢钾', '碧护']"
43-3,[],[],"['黄腐酸', '腐酸']"
44-1,[],"['脐腐病', '缺钙']","['氨基酸', '磷酸二氢钾', '糖醇钙', '碧护']"
45-1,[],"['霜霉病', '白粉病']",[]
45-2,['辣椒'],"['霜霉病', '白粉病', '病斑', '霜霉病初期']",[]
46-1,[],"['脐腐病', '缺钙']",['螯合钙']
46-2,[],"['生理性病害', '脐腐病', '缺钙']",[]
47-1,[],"['根腐病', '枯草芽孢杆菌']","['甲霜灵', '生根剂', '恶霉灵', '甲基立枯磷']"
47-2,[],"['根腐病', '枯草芽孢杆菌']","['霜霉威', '酸钠', '恶霉灵', '王铜', '生根剂', '甲霜灵']"
48-2,[],[],"['氨基酸', '水溶肥']"
49-1,[],"['炭疽病', '氟菌']","['异菌脲', '肟菌戊唑醇', '咪鲜胺', '丙森锌', '氨基酸叶面肥', '肟菌酯', '吡唑醚菌酯', '苯醚甲环唑', '啶氧菌酯']"
49-2,[],['炭疽病'],"['阿砣', '百菌清', '苯醚甲环唑', '吡唑醚菌酯', '啶氧菌酯']"
50-1,[],"['病斑', '气害灼伤']","['芸苔素内酯', '氨基酸叶面肥', '磷酸二氢钾', '碧护', '叶面肥', '黄腐酸']"
50-2,[],['用药不当'],['碧护']
51-1,[],['用药不当'],['碧护']
51-2,[],[],"['氨基酸二轻钾肥', '水溶肥', '恶霉灵']"
52-1,[],['晚疫病'],"['霜脲锰锌', '克露', '杀毒矾', '双炔酰菌胺', '锰锌', '代森锰锌', '恶霜灵']"
52-2,[],"['灰霉病', '菌核病']","['异菌脲', '腐霉利', '啶酰菌胺', '嘧菌环胺', '嘧霉胺']"
53-1,[],['疫病'],"['乙铝', '烯酰吗啉', '氟吗啉', '磷酸二氢钾', '锰锌', '氰霜唑', '霜霉威盐酸盐']"
53-2,[],['疫病危害'],"['氨基酸叶面肥', '磷酸二氢钾', '碧护']"
54-2,[],[],"['生物菌肥', '芸苔素内酯']"
56-1,[],['螨虫'],"['联苯肼酯', '阿维哒螨灵', '螺螨酯', '四螨嗪', '哒螨灵', '乙螨唑']"
56-2,[],['螨虫'],"['联苯肼酯', '螺虫螨酯', '阿维哒螨灵', '哒螨灵', '酰胺', '乙螨唑']"
57-1,[],['用药不当'],['碧护']
57-2,[],['霜霉病'],"['霜霉威', '烯酰吗啉', '菌胺', '湿性粉剂']"
58-1,[],['枯草芽孢杆菌'],"['磷酸二氢钾', '碧护']"
59-1,[],['根系发育不良'],"['甲壳素', '微生物菌剂']"
59-2,[],"['枯草芽孢杆菌', '根系发育不良导致']","['磷酸二氢钾', '碧护']"
59-3,[],['根系发育不良'],"['甲壳素', '微生物菌剂']"
60-1,[],"['枯草芽孢杆菌', '茎基腐病']","['霜霉威', '酸钠', '恶霉灵', '王铜', '生根剂', '甲霜灵']"
60-2,[],"['根腐病', '枯草芽孢杆菌']",['恶霉灵']
60-3,[],"['枯草芽孢杆菌', '茎基腐病']","['霜霉威', '酸钠', '恶霉灵', '王铜', '生根剂', '甲霜灵']"
61-1,[],"['畸形果', '激素过量', '缺硼']",['钾肥']
61-2,[],"['畸形果', '氮肥过量']","['钾肥', '碧护', '鳌合钙', '钙元素', '速乐硼']"
61-3,[],"['畸形果', '激素过量', '缺硼']",['钾肥']
62-1,[],['施药不当'],['微生物菌剂']
62-2,[],"['枯草芽孢杆菌', '根系发育不良导致']","['磷酸二氢钾', '碧护']"
62-3,[],['施药不当'],['微生物菌剂']
63-1,[],[],"['黄腐酸', '腐酸']"
63-2,[],[],"['氨基酸', '水溶肥']"
63-3,[],[],"['黄腐酸', '腐酸']"
64-1,[],[],"['氨基酸叶面肥', '磷酸二氢钾', '碧护']"
64-2,[],['用药不当'],"['氨基酸', '磷酸二氢钾', '芸苔素内酯', '碧护']"
64-3,[],[],"['氨基酸叶面肥', '磷酸二氢钾', '碧护']"
65-1,[],"['枯草芽孢杆菌', '根系不好']",['腐植酸']
65-2,[],['枯草芽孢杆菌'],"['腐植酸', '磷酸二氢钾', '碧护']"
66-1,[],[],[]
66-2,[],['蚜虫'],"['联苯菊酯', '烯啶虫胺', '噻虫嗪', '乙基多杀菌素']"
67-1,[],['炭疽病'],"['苯醚甲环唑', '咪鲜胺', '溴菌腈', '啶氧菌酯']"
67-2,[],[],"['苯醚甲环唑吡唑', '苯醚甲环唑', '吡唑醚菌酯']"
67-3,[],['炭疽病'],"['苯醚甲环唑', '咪鲜胺', '溴菌腈', '啶氧菌酯']"
68-1,[],"['钝化病毒', '病毒病']","['盐酸吗啉胍', '宁南霉素', '烯啶吡蚜酮', '松脂酸铜', '氨基寡糖素']"
68-3,[],"['钝化病毒', '病毒病']","['盐酸吗啉胍', '宁南霉素', '烯啶吡蚜酮', '松脂酸铜', '氨基寡糖素']"
69-1,[],"['枯草芽孢杆菌', '茎基腐病']","['霜霉威', '酸钠', '恶霉灵', '王铜', '生根剂', '甲霜灵']"
69-2,[],"['枯草芽孢杆菌', '茎基腐病']","['咯菌腈', '霜灵', '甲霜恶霉灵']"
69-3,[],"['枯草芽孢杆菌', '茎基腐病']","['霜霉威', '酸钠', '恶霉灵', '王铜', '生根剂', '甲霜灵']"
70-2,[],[],['海藻酸']
70-3,[],[],['海藻酸']
71-1,[],[],"['螯合钙', '速乐硼', '碧护']"
71-2,[],[],"['芸苔素内酯', '速乐硼']"
71-3,[],[],"['螯合钙', '速乐硼', '碧护']"
72-1,[],"['缺硼', '脐腐病', '缺钙']","['螯合钙', '速乐硼', '碧护']"
72-2,[],"['脐腐病', '缺钙']",['螯合钙']
72-3,[],"['缺硼', '脐腐病', '缺钙']","['螯合钙', '速乐硼', '碧护']"
73-1,[],"['肥害', '烧根']",[]
73-2,[],['高温气害'],"['氨基酸叶面肥', '磷酸二氢钾', '碧护']"
73-3,[],['高温气害'],"['氨基酸叶面肥', '磷酸二氢钾', '碧护']"
74-1,[],['疫病'],"['克露', '霜锰锌', '杀毒矾', '双炔酰菌胺', '锰锌', '代森锰锌', '恶霜灵']"
74-2,[],['疫病'],"['烯酰', '烯酰吗啉', '吡唑醚菌酯', '锰锌', '氰霜唑']"
74-3,[],['疫病'],"['克露', '霜锰锌', '杀毒矾', '双炔酰菌胺', '锰锌', '代森锰锌', '恶霜灵']"
75-1,[],['施药不当'],['微生物菌剂']
75-2,[],['用药不当'],"['芸苔素内酯', '碧护']"
75-3,[],['施药不当'],['微生物菌剂']
76-1,[],"['炭疽病', '一个相炭疽病']","['苯醚甲环唑', '多抗霉素', '塞菌铜']"
76-2,[],['炭疽病'],"['苯醚甲环唑', '咪鲜胺', '溴菌腈', '啶氧菌酯']"
76-3,[],"['炭疽病', '一个相炭疽病']","['苯醚甲环唑', '多抗霉素', '塞菌铜']"
77-1,[],['肥害'],['磷酸二氢钾']
77-2,[],[],"['氨基酸', '芸苔素内酯', '碧护']"
77-3,[],[],"['氨基酸', '芸苔素内酯', '碧护']"
78-1,[],['霜霉病'],['克露']
78-2,[],['霜霉病'],"['烯酰', '烯酰吗啉', '吡唑醚菌酯', '锰锌', '氰霜唑']"
78-3,[],['霜霉病'],['克露']
79-1,[],['病毒病'],"['吡蚜酮', '烯啶吡蚜酮', '磷酸二氢钾', '碧护']"
79-2,[],['用药不当'],"['芸苔素内酯', '碧护']"
79-3,[],['病毒病'],"['吡蚜酮', '烯啶吡蚜酮', '磷酸二氢钾', '碧护']"
80-1,[],['用药不当'],"['芸苔素内酯', '碧护']"
80-2,[],[],"['氨基酸叶面肥', '磷酸二氢钾', '碧护']"
80-3,[],['用药不当'],"['芸苔素内酯', '碧护']"
81-1,[],['施药不当'],['微生物菌剂']
81-2,[],[],"['氨基酸叶面肥', '磷酸二氢钾', '碧护']"
81-3,[],['施药不当'],['微生物菌剂']
82-1,[],['紫斑病'],"['生物菌肥', '芸苔素内酯']"
82-2,[],"['脐腐病', '缺钙']","['氨基酸', '钾肥', '糖醇钙']"
82-3,[],['紫斑病'],"['生物菌肥', '芸苔素内酯']"
83-1,[],[],"['高效氯氟氰菊酯', '噻虫嗪', '联苯菊酯']"
83-2,[],[],"['高效氯氟氰菊酯', '噻虫嗪', '联苯菊酯', '螺虫乙酯', '烯啶虫胺']"
83-3,[],[],"['高效氯氟氰菊酯', '噻虫嗪', '联苯菊酯']"
84-1,[],"['根腐病', '枯草芽孢杆菌']","['氨基酸', '甲霜灵', '络氨铜']"
84-2,[],"['枯草芽孢杆菌', '茎基腐病']","['络氨铜', '甲霜恶霉灵', '溴菌腈', '霜霉威盐酸盐']"
84-3,[],"['根腐病', '枯草芽孢杆菌']","['氨基酸', '甲霜灵', '络氨铜']"
85-1,[],['霜霉病'],"['烯酰', '王铜', '嘧菌酯', '霜脲氰', '丙森锌', '甲霜灵', '代森联', '啶氧菌酯']"
85-2,[],['霜霉病'],['克露']
85-3,[],['霜霉病'],"['烯酰', '王铜', '嘧菌酯', '霜脲氰', '丙森锌', '甲霜灵', '代森联', '啶氧菌酯']"
86-1,[],['脐腐病'],"['氨基酸', '钾肥', '糖醇钙']"
86-2,[],"['生理性病害', '脐腐病', '缺钙']",[]
86-3,[],['脐腐病'],"['氨基酸', '钾肥', '糖醇钙']"
87-1,[],['疫病'],"['霜脲锰锌', '烯酰吗啉', '氟吗啉', '锰锌', '氰霜唑', '霜霉威盐酸盐']"
87-2,[],['细菌性病害'],"['生菌素', '可杀得', '春雷霉素', '氯溴异氰尿酸', '乙蒜素', '春雷王铜', '叶枯唑', '喹啉铜']"
87-3,[],['疫病'],"['霜脲锰锌', '烯酰吗啉', '氟吗啉', '锰锌', '氰霜唑', '霜霉威盐酸盐']"
88-1,[],['霜霉病'],"['霜霉威', '烯酰吗啉', '菌胺', '湿性粉剂']"
88-2,[],"['霜霉病', '氟菌']","['霜脲锰锌', '烯酰', '烯酰吗啉', '霜霉威', '杀毒矾', '锰锌', '霜霉威盐酸盐']"
88-3,[],['霜霉病'],"['霜霉威', '烯酰吗啉', '菌胺', '湿性粉剂']"
89-1,['辣椒'],['疫病'],"['霜霉威', '烯酰', '嘧菌酯', '霜脲氰', '代森联']"
89-2,[],['病毒病'],"['宁南霉素', '氨基寡糖素']"
89-3,['辣椒'],['疫病'],"['霜霉威', '烯酰', '嘧菌酯', '霜脲氰', '代森联']"
90-1,[],"['霜霉病', '氟菌']","['霜霉威', '烯酰', '烯酰吗啉', '霜锰锌', '杀毒矾', '锰锌', '霜霉威盐酸盐']"
90-2,[],['霜霉病'],"['霜霉威', '烯酰吗啉']"
90-3,[],"['霜霉病', '氟菌']","['霜霉威', '烯酰', '烯酰吗啉', '霜锰锌', '杀毒矾', '锰锌', '霜霉威盐酸盐']"
91-1,[],"['缺硼', '供应不足']",[]
91-2,[],"['畸形果', '激素过量', '缺硼']",['钾肥']
91-3,[],"['缺硼', '供应不足']",[]
92-1,[],"['高温障碍', '用药不当']","['海藻酸', '海藻酸叶面肥']"
92-2,[],['用药不当'],"['氨基酸', '磷酸二氢钾', '芸苔素内酯', '碧护']"
92-3,[],"['高温障碍', '用药不当']","['海藻酸', '海藻酸叶面肥']"
93-1,[],[],['氨基酸']
93-2,[],[],"['氨基酸', '碧护']"
93-3,[],[],['氨基酸']
94-1,[],['霜霉病'],"['霜霉威', '烯酰吗啉', '菌胺', '湿性粉剂']"
94-2,[],['霜霉病'],"['霜霉威', '烯酰吗啉']"
94-3,[],['霜霉病'],"['霜霉威', '烯酰吗啉', '菌胺', '湿性粉剂']"
96-1,[],['用药不当'],"['芸苔素内酯', '碧护']"
96-2,[],['肥害'],['微生物菌剂']
96-3,[],['用药不当'],"['芸苔素内酯', '碧护']"
97-1,[],['氟虫'],"['氯虫酰胺', '酰胺', '氯虫苯甲酰胺', '茚虫威']"
97-2,[],"['夜蛾类', '害虫危害']","['氟啶脲', '茚虫威']"
97-3,[],['氟虫'],"['氯虫酰胺', '酰胺', '氯虫苯甲酰胺', '茚虫威']"
98-1,[],['疫病'],"['霜脲锰锌', '烯酰吗啉', '氟吗啉', '锰锌', '氰霜唑', '霜霉威盐酸盐']"
98-2,[],"['气害', '疫病', '高温气害']",[]
98-3,[],['疫病'],"['霜脲锰锌', '烯酰吗啉', '氟吗啉', '锰锌', '氰霜唑', '霜霉威盐酸盐']"
99-1,[],[],"['氨基酸叶面肥', '磷酸二氢钾', '碧护']"
99-2,[],['用药不当'],"['芸苔素内酯', '氨基酸叶面肥', '磷酸二氢钾', '碧护', '叶面肥', '黄腐酸']"
99-3,[],[],"['氨基酸叶面肥', '磷酸二氢钾', '碧护']"
100-1,[],['用药不当'],['碧护']
100-2,[],['用药不当'],"['氨基酸叶面肥', '磷酸二氢钾', '碧护']"
100-3,[],['用药不当'],"['氨基酸叶面肥', '磷酸二氢钾', '碧护']"
101-1,[],[],"['芸苔素', '碧护']"
101-2,[],"['枯草芽孢杆菌', '根系发育不良']",[]
101-3,[],[],"['芸苔素', '碧护']"
102-1,[],"['枯草芽孢杆菌', '根系不好']",[]
102-2,[],"['枯草芽孢杆菌', '根系发育不良']",[]
102-3,[],"['枯草芽孢杆菌', '根系发育不良']",[]
103-1,[],[],['高效氯氰菊酯']
104-1,[],[],"['生物菌肥', '芸苔素内酯']"
104-2,[],['土壤盐渍化'],['微生物菌剂']
105-1,[],['疫病'],"['霜脲锰锌', '烯酰吗啉', '氟吗啉', '锰锌', '氰霜唑', '霜霉威盐酸盐']"
105-2,[],['缺硼'],"['调环酸钙', '碧护', '鳌合钙', '氮肥', '速乐硼']"
106-1,[],"['夜蛾类', '害虫危害']","['有机硅', '阿维菌素', '氯虫苯甲酰胺', '酰胺']"
106-2,[],[],"['高效氯氰菊酯', '苏云金杆菌']"
107-1,[],"['根腐病', '枯草芽孢杆菌']",['甲霜恶霉灵']
107-2,[],"['根腐病', '枯草芽孢杆菌']","['氨基酸', '甲霜灵', '恶霉灵', '络氨铜']"
108-1,['辣椒'],"['脐腐病', '缺钙']","['氨基酸', '钾肥', '糖醇钙']"
108-2,[],"['缺硼', '脐腐病', '缺钙']","['螯合钙', '碧护', '速乐硼', '偏施氮肥']"
109-1,[],"['根腐病', '枯草芽孢杆菌']","['霜霉威', '酸钠', '恶霉灵', '王铜', '生根剂', '甲霜灵']"
109-2,[],"['根腐病', '枯草芽孢杆菌']",['恶霉灵']
110-1,[],"['枯草芽孢杆菌', '土壤板结']","['腐植酸', '碧护']"
110-2,[],"['枯草芽孢杆菌', '根系发育不良导致']","['磷酸二氢钾', '碧护']"
111-1,[],[],"['生物菌肥', '有机肥']"
111-2,[],[],['生物菌肥']
112-1,[],[],['微生物菌剂']
112-2,[],['用药不当'],"['氨基酸', '磷酸二氢钾', '芸苔素内酯', '碧护']"
113-1,[],['肥害'],['微生物菌剂']
113-2,[],['脐腐病'],['螯合钙']
114-1,[],"['脐腐病', '缺钙']","['氨基酸', '磷酸二氢钾', '糖醇钙', '碧护']"
114-2,[],"['脐腐病', '缺钙']","['氨基酸', '钾肥', '糖醇钙']"
115-1,[],"['根腐病', '疫霉']","['霜霉威', '霜恶霉灵霜霉威', '甲霜恶霉灵']"
115-2,[],"['枯草芽孢杆菌', '茎基腐病']","['恶霉灵', '王铜', '甲霜灵', '咯菌腈', '福美双', '精甲霜灵']"
116-1,['辣椒'],[],[]
117-1,[],['供应不足'],['调环酸钙']
117-3,[],['供应不足'],['调环酸钙']
118-1,[],['蚜虫'],[]
118-2,[],['蚜虫'],"['烯啶虫胺', '噻虫嗪', '联苯菊酯']"
118-3,[],['蚜虫'],[]
119-1,[],['疫病危害'],['克露']
119-2,[],['疫病'],"['普力克', '湿性粉剂', '霜疫清', '克露', '雷多米尔', '甲霜灵', '百菌清', '肟菌酯', '锰锌', '代森锰锌', '杀菌剂']"
119-3,[],['疫病危害'],['克露']
120-2,[],['枯草芽孢杆菌'],"['氨基酸', '碧护']"
120-3,[],['枯草芽孢杆菌'],"['氨基酸', '碧护']"
121-1,[],[],"['生菌素', '春雷霉素', '琥胶肥酸铜', '细菌性', '喹啉铜', '多抗霉素']"
121-2,[],['细菌性叶斑病'],"['络氨铜', '氢氧化铜', '磷酸钾', '噻菌铜', '琥胶肥酸铜']"
121-3,[],[],"['生菌素', '春雷霉素', '琥胶肥酸铜', '细菌性', '喹啉铜', '多抗霉素']"
122-1,[],[],['钾肥']
122-2,[],[],['磷酸二氢钾']
122-3,[],[],['钾肥']
123-1,[],"['白烯啶虫', '蓟马']","['联苯菊酯', '烯啶虫胺', '噻虫嗪', '乙基多杀菌素']"
123-2,[],['蓟马'],"['吡虫啉', '噻虫嗪', '联苯菊酯', '螺虫乙酯']"
123-3,[],"['白烯啶虫', '蓟马']","['联苯菊酯', '烯啶虫胺', '噻虫嗪', '乙基多杀菌素']"
124-1,[],['炭疽病'],"['吡唑嘧菌酯', '腐霉利', '阿砣', '氟硅唑', '咪鲜胺锰盐', '苯醚甲环唑', '苯甲溴菌腈', '啶氧菌酯']"
124-2,[],['炭疽病'],"['肟菌戊唑醇', '苯甲丙环唑', '氟硅唑']"
124-3,[],['炭疽病'],"['吡唑嘧菌酯', '腐霉利', '阿砣', '氟硅唑', '咪鲜胺锰盐', '苯醚甲环唑', '苯甲溴菌腈', '啶氧菌酯']"
125-1,[],[],"['生物菌肥', '芸苔素内酯']"
125-2,[],"['枯草芽孢杆菌', '根系发育不良导致']","['磷酸二氢钾', '碧护']"
125-3,[],[],"['生物菌肥', '芸苔素内酯']"
126-1,[],['白星病'],"['肟菌戊唑醇', '苯甲丙环唑', '氟硅唑']"
126-2,['辣椒'],"['炭疽病', '白星病']","['络氨铜', '代森锌', '可杀得', '吡唑醚菌酯']"
126-3,[],['白星病'],"['肟菌戊唑醇', '苯甲丙环唑', '氟硅唑']"
127-1,[],['高温灼伤'],['微生物菌剂']
127-2,[],[],"['生物菌肥', '芸苔素内酯']"
127-3,[],['高温灼伤'],['微生物菌剂']
128-1,[],['高温灼伤'],['微生物菌剂']
128-2,[],[],"['氨基酸叶面肥', '磷酸二氢钾', '碧护']"
128-3,[],['高温灼伤'],['微生物菌剂']
129-1,[],[],"['腐植酸', '碧护', '芸苔素内酯', '叶面肥']"
129-2,[],[],"['氨基酸叶面肥', '磷酸二氢钾', '碧护']"
129-3,[],[],"['腐植酸', '碧护', '芸苔素内酯', '叶面肥']"
130-1,[],[],['微生物菌剂']
130-2,[],['枯草芽孢杆菌'],"['磷酸二氢钾', '碧护']"
130-3,[],[],['微生物菌剂']
131-2,[],['畸形果'],[]
131-3,[],"['畸形果', '缺硼', '氮肥过量']","['钾肥', '碧护', '鳌合钙', '钙元素', '速乐硼']"
132-1,[],['炭疽病'],"['肟菌戊唑醇', '苯甲丙环唑', '氟硅唑']"
132-2,[],"['炭疽', '炭疽病']","['腐霉利', '咪鲜胺锰盐', '溴菌腈', '吡唑醚菌酯', '苯甲溴菌腈', '啶氧菌酯']"
132-3,[],['炭疽病'],"['肟菌戊唑醇', '苯甲丙环唑', '氟硅唑']"
133-1,[],['疫病危害'],['克露']
133-2,[],['疫病'],"['霜霉威', '烯酰吗啉']"
133-3,[],['疫病危害'],['克露']
134-1,[],['疫病危害'],"['烯酰吗啉', '霜霉威盐酸盐']"
134-2,[],['疫病危害'],"['霜霉威', '烯酰吗啉', '菌胺', '湿性粉剂']"
134-3,[],['疫病危害'],"['烯酰吗啉', '霜霉威盐酸盐']"
135-1,[],"['脐腐病', '缺钙']","['螯合钙', '磷酸二氢钾', '速乐硼']"
135-2,[],"['脐腐病', '缺钙']","['氨基酸', '钾肥', '糖醇钙']"
135-3,[],"['脐腐病', '缺钙']","['螯合钙', '磷酸二氢钾', '速乐硼']"
136-1,[],"['根腐病', '枯草芽孢杆菌', '缺素']","['恶霉灵', '碧护']"
136-2,[],"['根腐病', '枯草芽孢杆菌']","['氨基酸', '甲霜灵', '恶霉灵', '络氨铜']"
136-3,[],"['根腐病', '枯草芽孢杆菌', '缺素']","['恶霉灵', '碧护']"
137-1,[],['用药不当'],"['氨基酸叶面肥', '磷酸二氢钾', '碧护']"
137-2,[],['叶斑病'],"['苯醚甲环唑', '生霉素']"
137-3,[],['用药不当'],"['氨基酸叶面肥', '磷酸二氢钾', '碧护']"
138-1,[],"['枯草芽孢杆菌', '茎基腐病']",['甲霜恶霉灵']
138-2,[],"['枯草芽孢杆菌', '茎基腐病']","['霜霉威', '酸钠', '恶霉灵', '王铜', '生根剂', '甲霜灵']"
138-3,[],"['枯草芽孢杆菌', '茎基腐病']","['霜霉威', '酸钠', '恶霉灵', '王铜', '生根剂', '甲霜灵']"
139-1,[],[],"['生菌素', '春雷霉素', '细菌性', '喹啉铜', '琥胶肥酸铜']"
139-2,[],['炭疽病'],"['苯醚甲环唑', '咪鲜胺', '溴菌腈', '啶氧菌酯']"
139-3,[],[],"['生菌素', '春雷霉素', '细菌性', '喹啉铜', '琥胶肥酸铜']"
140-1,[],['虫害'],[]
140-2,[],['蓟马'],"['吡虫啉', '烯啶虫胺', '噻虫嗪', '螺虫乙酯']"
140-3,[],['蓟马'],"['吡虫啉', '烯啶虫胺', '噻虫嗪', '螺虫乙酯']"
141-1,[],['炭疽病'],"['啶氧菌酯', '咪鲜胺', '醚菌酯', '溴菌腈', '苯醚甲环唑', '氟环唑', '四氟醚唑']"
141-2,[],['炭疽病'],"['肟菌戊唑醇', '苯甲丙环唑', '氟硅唑']"
141-3,[],['炭疽病'],"['啶氧菌酯', '咪鲜胺', '醚菌酯', '溴菌腈', '苯醚甲环唑', '氟环唑', '四氟醚唑']"
142-1,[],['根系受损'],[]
142-2,[],[],"['氢氧化铜', '春雷霉素', '氯溴异氰尿酸', '乙蒜素', '春雷王铜']"
142-3,[],[],"['氢氧化铜', '春雷霉素', '氯溴异氰尿酸', '乙蒜素', '春雷王铜']"
143-1,[],['缺硼'],['钙元素']
143-2,[],"['缺硼', '缺钙']","['糖醇钙', '速乐硼']"
143-3,[],['缺硼'],['钙元素']
144-1,[],['霜霉病'],"['霜霉威', '烯酰吗啉']"
144-2,[],['霜霉病'],"['霜霉威', '烯酰吗啉', '菌胺', '湿性粉剂']"
144-3,[],['霜霉病'],"['霜霉威', '烯酰吗啉']"
145-1,[],['用药不当'],['碧护']
145-2,[],"['高温障碍', '用药不当']","['氨基酸', '海藻酸', '叶面肥', '海藻酸叶面肥']"
145-3,[],"['高温障碍', '用药不当']","['氨基酸', '海藻酸', '叶面肥', '海藻酸叶面肥']"
146-1,[],['用药不当'],['碧护']
146-2,[],['用药不当'],"['芸苔素内酯', '碧护']"
146-3,[],['用药不当'],"['芸苔素内酯', '碧护']"
147-1,[],['缺硼'],"['缺硼肥', '缺硼肥钙肥', '螯合钙']"
147-2,[],[],['钾肥']
147-3,[],[],['钾肥']
148-1,[],[],['微生物菌剂']
148-2,[],[],"['戊唑醇', '苯醚甲环唑', '甲基硫菌灵']"
148-3,[],[],['微生物菌剂']
149-1,[],['施药不当'],['微生物菌剂']
149-2,[],['枯草芽孢杆菌'],"['腐植酸', '磷酸二氢钾', '碧护', '海藻肥']"
149-3,[],['施药不当'],['微生物菌剂']
150-1,[],"['枯草芽孢杆菌', '根系发育不良导致']","['磷酸二氢钾', '碧护']"
150-2,[],['根系发育不良'],"['甲壳素', '微生物菌剂']"
150-3,[],"['枯草芽孢杆菌', '根系发育不良导致']","['磷酸二氢钾', '碧护']"
151-1,[],"['脐腐病', '缺钙']",['螯合钙']
151-2,[],"['脐腐病', '缺钙']","['螯合钙', '磷酸二氢钾', '速乐硼']"
151-3,[],"['脐腐病', '缺钙']",['螯合钙']
152-1,[],['蓟马'],"['烯啶虫胺', '噻虫嗪', '螺虫乙酯']"
152-2,[],['施药不当'],['微生物菌剂']
152-3,[],['蓟马'],"['烯啶虫胺', '噻虫嗪', '螺虫乙酯']"
153-1,[],[],"['氨基酸叶面肥', '磷酸二氢钾', '碧护']"
153-2,[],['高温灼伤'],['微生物菌剂']
153-3,[],[],"['氨基酸叶面肥', '磷酸二氢钾', '碧护']"
154-1,[],[],"['高效氯氟氰菊酯', '噻虫嗪', '联苯菊酯']"
154-2,[],['肥害'],['微生物菌剂']
154-3,[],[],"['高效氯氟氰菊酯', '噻虫嗪', '联苯菊酯']"
155-1,[],['枯草芽孢杆菌'],['碧护']
155-2,[],[],"['芸苔素内酯', '碧护']"
155-3,[],['枯草芽孢杆菌'],"['磷酸二氢钾', '碧护']"
156-1,[],['用药不当'],"['海藻酸', '芸苔素内酯']"
156-2,[],[],['碧护']
156-3,[],['用药不当'],"['海藻酸', '芸苔素内酯']"
157-1,[],['用药不当'],"['芸苔素内酯', '氨基酸叶面肥', '磷酸二氢钾', '碧护', '叶面肥', '黄腐酸']"
157-2,[],[],"['氨基酸叶面肥', '磷酸二氢钾', '碧护']"
157-3,[],['用药不当'],"['芸苔素内酯', '氨基酸叶面肥', '磷酸二氢钾', '碧护', '叶面肥', '黄腐酸']"
158-1,[],[],"['氨基酸叶面肥', '磷酸二氢钾', '碧护']"
159-1,[],['用药不当'],['碧护']
159-2,[],['用药不当'],"['氨基酸', '海藻酸', '芸苔素内酯']"
160-1,[],[],"['磷酸二氢钾', '碧护']"
160-2,[],[],['芸苔素内酯']
161-1,[],['用药不当'],"['芸苔素内酯', '碧护']"
161-2,[],[],['微生物菌剂']
162-1,[],"['刺吸式害虫', '病毒病', '蚜虫', '蓟马', '灰飞虱']","['盐酸吗啉胍', '吡蚜酮', '宁南霉素', '吡虫啉', '氨基寡糖素', '硫酸锌喷雾']"
162-2,[],"['用药不当', '病毒病']","['氨基酸', '十芸苔素']"
163-1,[],"['枯草芽孢杆菌', '根系发育不良']",[]
163-2,[],['根系发育不良'],"['甲壳素', '微生物菌剂']"
164-1,[],['肥害'],['微生物菌剂']
164-2,[],"['病斑', '气害灼伤']","['芸苔素内酯', '氨基酸叶面肥', '磷酸二氢钾', '碧护', '叶面肥', '黄腐酸']"
165-1,[],['肥害'],"['微生物菌剂', '碧护']"
166-1,[],[],['王铜']
166-2,[],[],['春雷王铜']
167-1,[],['用药不当'],"['芸苔素内酯', '碧护']"
167-2,[],['用药不当'],"['芸苔素内酯', '氨基酸叶面肥', '磷酸二氢钾', '碧护', '叶面肥', '黄腐酸']"
168-1,[],[],['黄腐酸']
168-2,[],[],"['甲壳素', '微生物菌剂']"
169-1,[],['施药不当'],['微生物菌剂']
169-2,[],"['钝化病毒', '病毒病']","['盐酸吗啉胍', '宁南霉素', '烯啶吡蚜酮', '松脂酸铜', '氨基寡糖素']"
170-1,[],['蓟马'],"['联苯菊酯', '乙基多杀菌素']"
170-2,[],['蓟马'],"['联苯菊酯', '烯啶虫胺', '噻虫嗪', '乙基多杀菌素']"
171-1,[],"['炭疽病', '发病初期']","['苯咪甲环唑', '咪鲜胺', '甲基硫菌灵', '咪鲜胺锰盐', '戊唑醇']"
171-2,[],"['炭疽', '炭疽病']","['腐霉利', '咪鲜胺锰盐', '溴菌腈', '吡唑醚菌酯', '苯甲溴菌腈', '啶氧菌酯']"
172-1,[],['枯草芽孢杆菌'],"['氨基酸', '恶霉灵']"
172-2,[],['根系发育不良'],"['甲壳素', '微生物菌剂']"
173-1,[],[],"['氨基酸叶面肥', '磷酸二氢钾', '碧护']"
173-2,[],"['疫病危害', '高温灼伤']",['微生物菌剂']
174-1,[],[],[]
174-2,[],"['水肥供应不足', '供应不足']",['缺微肥']
175-1,[],"['缺素', '土壤盐渍化', '枯草芽孢杆菌', '导致早衰', '根系发育不良']","['腐植酸', '甲霜恶霉灵', '碧护', '磷酸二氢钾']"
175-2,[],"['吸收障碍', '根系发育不良', '供应不足']","['生物菌肥', '氨基酸叶面肥', '磷酸二氢钾']"
176-1,[],"['根腐病', '枯草芽孢杆菌']","['腐植酸', '甲霜恶霉灵']"
177-1,[],[],['微生物菌剂']
177-2,[],"['枯草芽孢杆菌', '根系发育不良导致']","['磷酸二氢钾', '碧护']"
178-1,[],[],"['水溶肥', '腐植酸']"
178-2,[],[],"['水溶肥', '腐植酸', '磷酸二氢钾', '碧护', '鳌合钙', '钾水溶肥', '速乐硼', '有机肥']"
179-1,[],['用药不当'],['碧护']
179-2,[],[],"['氨基酸叶面肥', '磷酸二氢钾', '碧护']"
180-1,[],['绵疫病'],"['霜脲锰锌', '克露', '杀毒矾', '双炔酰菌胺', '锰锌', '代森锰锌', '恶霜灵']"
180-2,['辣椒'],['疫病危害'],"['氰霜唑', '湿性粉剂', '锰锌']"
181-1,[],['根系发育不良'],"['甲壳素', '微生物菌剂']"
181-2,[],[],"['氨基酸叶面肥', '磷酸二氢钾', '碧护']"
182-1,[],[],"['高效氯氟氰菊酯', '噻虫嗪', '联苯菊酯']"
182-2,[],['盲蝽象'],"['高效氯氟氰菊酯', '噻虫嗪', '联苯菊酯', '螺虫乙酯', '烯啶虫胺']"
183-1,[],['用药不当'],"['氨基酸叶面肥', '磷酸二氢钾', '碧护']"
183-2,[],['施药不当'],['微生物菌剂']
184-1,[],"['疫病', '炭疽病']","['霜霉威', '烯酰吗啉', '苯醚甲环唑']"
184-2,[],['枯草芽孢杆菌'],"['氨基酸', '氨基酸二氢钾肥']"
185-1,[],"['病毒病', '蚜虫', '白粉虱', '蓟马', '螨虫']","['宁南霉素', '盐酸', '阿维菌素', '乙酸铜']"
185-2,[],['病毒病'],[]
187-1,[],[],"['调环酸钙', '磷酸二氢钾']"
187-2,[],[],"['调换酸钙', '磷酸二氢钾', '矮壮素']"
188-1,[],['疫病'],"['霜霉威', '烯酰吗啉']"
188-2,[],[],['联苯菊酯']
189-1,[],"['枯草芽孢杆菌', '茎基腐病']","['咯菌腈', '霜灵', '甲霜恶霉灵']"
189-2,[],['枯草芽孢杆菌'],['恶霉灵']
190-1,[],['疫病'],['普力克']
190-2,[],['疫病'],"['阿砣', '戊唑醇', '百菌清', '苯醚甲环唑', '吡唑醚菌酯', '啶氧菌酯']"
191-2,[],[],['硝酸钾']
193-1,[],[],"['氨基酸叶面肥', '磷酸二氢钾', '碧护']"
193-2,[],[],"['氨基酸', '碧护', '氨基酸肥']"
194-2,[],[],"['甲壳素', '微生物菌剂']"
195-1,[],['疫病危害'],"['霜霉威', '烯酰吗啉', '菌胺', '湿性粉剂']"
195-2,[],['疫病'],"['霜脲锰锌', '烯酰吗啉', '氟吗啉', '锰锌', '氰霜唑', '霜霉威盐酸盐']"
196-1,[],[],['磷酸二氢钾']
196-2,[],[],['水溶肥']
197-1,[],['用药不当'],['碧护']
197-2,[],[],"['氨基酸叶面肥', '磷酸二氢钾', '碧护']"
198-1,[],"['肥害', '枯草芽孢杆菌', '高温气害']",['氨基酸']
198-2,[],[],"['生物菌肥', '芸苔素内酯']"
199-1,[],[],[]
199-2,[],['炭疽病'],"['肟菌戊唑醇', '苯甲丙环唑', '氟硅唑']"
200-1,[],['施药不当'],['微生物菌剂']
200-2,[],[],"['氨基酸叶面肥', '磷酸二氢钾', '碧护']"
201-1,[],['疫病'],"['霜脲锰锌', '烯酰吗啉', '氟吗啉', '锰锌', '氰霜唑', '霜霉威盐酸盐']"
201-2,[],['疫病'],"['霜霉威', '烯酰吗啉']"
202-1,[],['炭疽病'],"['异菌脲', '嘧菌酯', '腈菌唑', '戊唑醇', '丙森锌', '代森联']"
202-2,[],"['炭疽病', '氟菌']","['异菌脲', '肟菌戊唑醇', '咪鲜胺', '丙森锌', '氨基酸叶面肥', '肟菌酯', '吡唑醚菌酯', '苯醚甲环唑', '啶氧菌酯']"
203-1,[],['美洲斑潜蝇'],['灭蝇胺']
203-2,[],[],"['有机硅', '灭蝇胺', '阿维菌素', '杀虫单']"
204-1,[],[],"['生物菌肥', '芸苔素内酯']"
204-2,[],['枯草芽孢杆菌'],"['腐植酸', '磷酸二氢钾', '碧护']"
205-1,[],['脐腐病'],['螯合钙']
205-2,[],['灼果'],[]
206-1,[],[],"['氨基酸', '生根剂', '恶霉灵', '碧护']"
206-2,['辣椒'],"['红蜘蛛', '病害表现', '茶黄螨']","['阿维哒螨灵', '乙螨唑', '阿维菌素']"
207-1,[],['疫病'],"['霜脲锰锌', '烯酰吗啉', '氟吗啉', '锰锌', '氰霜唑', '霜霉威盐酸盐']"
207-2,[],"['疫病', '花叶病']","['生菌素', '烯酰吗啉', '多抗霉素', '盐酸吗啉胍']"
208-1,[],['蚜虫'],"['吡蚜酮', '噻虫嗪', '联苯菊酯', '吡虫啉', '烯啶虫胺']"
208-2,[],"['蚜虫', '氟啶虫']","['噻虫嗪', '酰胺', '吡虫啉', '螺虫乙酯', '啶虫咪', '烯啶虫胺']"
209-1,[],[],['微生物菌剂']
209-2,[],['用药不当'],['碧护']
210-1,[],[],"['霜霉威', '戊唑醇', '嘧菌酯', '肟菌戊唑醇']"
210-2,[],[],['苯甲溴菌腈']
210-3,['辣椒'],"['疫病', '炭疽病']","['烯酰吗啉', '酰菌胺']"
211-1,[],"['枯草芽孢杆菌', '根系发育不良', '根系发育不良导致']","['腐植酸', '甲霜恶霉灵', '碧护', '磷酸二氢钾']"
212-1,[],[],['微生物菌剂']
212-2,[],['白粉病'],[]
212-3,[],[],['微生物菌剂']
213-1,[],['炭疽病'],"['肟菌戊唑醇', '苯甲丙环唑', '氟硅唑']"
213-2,[],"['炭疽病', '发病初期']","['扑霉灵', '阿砣', '啶氧菌酯']"
213-3,[],['炭疽病'],"['肟菌戊唑醇', '苯甲丙环唑', '氟硅唑']"
214-1,[],"['脐腐病', '缺钙']","['氨基酸', '磷酸二氢钾', '糖醇钙', '碧护']"
214-2,[],['脐腐病'],['螯合钙']
214-3,[],"['脐腐病', '缺钙']","['氨基酸', '磷酸二氢钾', '糖醇钙', '碧护']"
215-1,[],[],"['氨基酸叶面肥', '磷酸二氢钾', '碧护']"
215-2,[],[],"['生物菌肥', '芸苔素内酯']"
215-3,[],[],"['氨基酸叶面肥', '磷酸二氢钾', '碧护']"
216-1,['辣椒'],"['根腐病', '枯草芽孢杆菌']",['恶霉灵']
216-3,['辣椒'],"['根腐病', '枯草芽孢杆菌']",['恶霉灵']
217-1,[],['疫病'],[]
217-2,[],['疫病'],"['烯酰吗啉', '甲霜灵', '锰锌', '霜霉威盐酸盐']"
217-3,[],['疫病'],"['烯酰吗啉', '甲霜灵', '锰锌', '霜霉威盐酸盐']"
218-1,[],"['根腐病', '枯草芽孢杆菌']",['甲霜恶霉灵']
218-2,[],"['枯草芽孢杆菌', '茎基腐病']","['霜霉威', '酸钠', '恶霉灵', '王铜', '生根剂', '甲霜灵']"
218-3,[],"['枯草芽孢杆菌', '茎基腐病']","['霜霉威', '酸钠', '恶霉灵', '王铜', '生根剂', '甲霜灵']"
219-1,[],['枯萎病'],"['稻瘟灵', '福美双', '辛菌胺醋酸盐', '噻菌铜']"
219-2,[],['青枯病'],"['生菌素', '络氨铜', '噻唑锌', '乙蒜素', '喹啉铜']"
219-3,[],['枯萎病'],"['稻瘟灵', '福美双', '辛菌胺醋酸盐', '噻菌铜']"
220-1,[],[],"['氨基酸叶面肥', '磷酸二氢钾', '碧护']"
220-2,[],['疫病'],"['霜脲锰锌', '烯酰吗啉', '氟吗啉', '锰锌', '氰霜唑', '霜霉威盐酸盐']"
220-3,[],[],"['氨基酸叶面肥', '磷酸二氢钾', '碧护']"
221-2,[],[],"['氢氧化铜', '春雷霉素', '氯溴异氰尿酸', '乙蒜素', '春雷王铜']"
221-3,[],[],"['氢氧化铜', '春雷霉素', '氯溴异氰尿酸', '乙蒜素', '春雷王铜']"
222-1,[],[],"['氨基酸叶面肥', '磷酸二氢钾', '碧护']"
222-2,[],[],"['生物菌肥', '芸苔素内酯']"
222-3,[],[],"['氨基酸叶面肥', '磷酸二氢钾', '碧护']"
223-1,[],"['缺硼', '缺钙']","['糖醇钙', '速乐硼']"
223-2,[],"['缺硼', '氮肥过量']","['磷酸二氢钾', '糖醇钙', '芸苔素', '碧护', '氨基酸', '速乐硼']"
223-3,[],"['缺硼', '缺钙']","['糖醇钙', '速乐硼']"
224-1,['辣椒'],"['疫病', '灰霉病', '炭疽病']","['烯酰吗啉', '酰菌胺']"
224-2,[],['疫病'],"['霜脲锰锌', '烯酰吗啉', '氟吗啉', '锰锌', '氰霜唑', '霜霉威盐酸盐']"
224-3,['辣椒'],"['疫病', '灰霉病', '炭疽病']","['烯酰吗啉', '酰菌胺']"
225-1,[],"['生理性病害', '用药不当', '缺钙']","['氨基酸钙叶面肥', '磷酸二氢钾']"
225-2,[],[],"['生物菌肥', '芸苔素内酯']"
225-3,[],"['生理性病害', '用药不当', '缺钙']","['氨基酸钙叶面肥', '磷酸二氢钾']"
226-1,[],"['脐腐病', '缺钙']","['螯合钙', '磷酸二氢钾', '速乐硼']"
226-2,[],['高温干旱'],"['硫酸铜', '螯合钙', '糖醇钙']"
226-3,[],"['脐腐病', '缺钙']","['螯合钙', '磷酸二氢钾', '速乐硼']"
227-1,[],[],"['氨基酸', '磷酸二氢钾肥', '磷酸二氢钾']"
227-2,[],['供应不足'],['磷酸二氢钾']
227-3,[],['供应不足'],['磷酸二氢钾']
228-1,[],['霜霉病'],"['普力克', '湿性粉剂', '霜疫清', '克露', '雷多米尔', '甲霜灵', '百菌清', '肟菌酯', '锰锌', '代森锰锌', '杀菌剂']"
228-2,[],"['霜霉病', '发病初期']","['烯酰吗啉', '锰锌', '霜锰锌']"
228-3,[],['霜霉病'],"['普力克', '湿性粉剂', '霜疫清', '克露', '雷多米尔', '甲霜灵', '百菌清', '肟菌酯', '锰锌', '代森锰锌', '杀菌剂']"
229-1,[],['高温障碍'],['海藻酸']
229-2,[],['生理性病害'],"['氨基酸', '碧护', '十芸苔素']"
229-3,[],['高温障碍'],['海藻酸']
230-1,[],[],"['氨基酸叶面肥', '磷酸二氢钾', '碧护']"
230-2,[],['用药不当'],"['芸苔素内酯', '碧护']"
230-3,[],[],"['氨基酸叶面肥', '磷酸二氢钾', '碧护']"
231-1,[],"['脐腐病', '缺钙']",['螯合钙']
231-2,[],"['脐腐病', '缺钙']","['氨基酸', '螯合钙']"
231-3,[],"['脐腐病', '缺钙']","['氨基酸', '螯合钙']"
232-1,[],['用不当'],['氨基酸']
232-2,[],[],"['氨基酸叶面肥', '磷酸二氢钾', '碧护']"
232-3,[],['用不当'],['氨基酸']
233-1,[],['蚜虫'],[]
233-2,[],"['蚜虫', '氟啶虫']",['吡蚜酮']
233-3,[],"['蚜虫', '氟啶虫']",['吡蚜酮']
234-1,['辣椒'],['疫病危害'],"['氰霜唑', '湿性粉剂', '锰锌']"
234-2,[],['疫病危害'],['克露']
234-3,['辣椒'],['疫病危害'],"['氰霜唑', '湿性粉剂', '锰锌']"
235-1,[],['蓟马'],"['烯啶虫胺', '乙基多杀霉素', '噻虫嗪']"
235-2,[],"['薊马', '病害表现']",[]
235-3,[],['蓟马'],"['烯啶虫胺', '乙基多杀霉素', '噻虫嗪']"
236-1,[],[],['烯酰吗啉']
236-2,[],['疫病效果'],"['锰锌', '代森锰锌']"
236-3,[],['疫病危害'],['克露']
237-1,[],[],"['氢氧化铜', '春雷霉素', '氯溴异氰尿酸', '乙蒜素', '春雷王铜']"
237-2,[],[],"['硫酸铜', '乙蒜素', '氯溴异', '松脂酸铜', '噻菌铜']"
237-3,[],[],"['氢氧化铜', '春雷霉素', '氯溴异氰尿酸', '乙蒜素', '春雷王铜']"
238-1,[],"['炭疽病', '脐腐病']","['苯甲溴菌腈', '螯合钙', '溴菌腈']"
238-2,[],['脐腐病'],"['糖醇钙', '鳌合钙']"
238-3,[],"['炭疽病', '脐腐病']","['苯甲溴菌腈', '螯合钙', '溴菌腈']"
239-1,[],['病毒病'],[]
239-2,[],['茶黄螨'],"['乙螨唑', '阿维菌素']"
239-3,[],['茶黄螨'],"['乙螨唑', '阿维菌素']"
240-1,[],['缺硼'],"['鳌合钙', '速乐硼', '碧护', '氮肥']"
240-2,[],[],"['氨基酸二轻钾肥', '水溶肥', '缺微肥']"
240-3,[],['缺硼'],"['鳌合钙', '速乐硼', '碧护', '氮肥']"
241-1,[],['疫病危害'],['克露']
241-2,[],['炭疽病'],"['苯醚甲环唑', '咪鲜胺', '溴菌腈', '啶氧菌酯']"
241-3,[],['疫病危害'],['克露']
242-1,[],[],"['氨基酸叶面肥', '磷酸二氢钾', '碧护']"
242-2,[],[],"['氨基酸', '碧护']"
242-3,[],[],"['氨基酸叶面肥', '磷酸二氢钾', '碧护']"
243-1,[],['细菌性病害'],[]
243-2,['辣椒'],['烟青虫'],['酰胺']
243-3,[],['细菌性病害'],[]
244-1,[],['炭疽病'],"['肟菌戊唑醇', '苯甲丙环唑', '氟硅唑']"
244-2,[],['炭疽病'],"['咪鲜胺', '苯醚甲环唑']"
244-3,[],['炭疽病'],"['肟菌戊唑醇', '苯甲丙环唑', '氟硅唑']"
245-1,[],['疫病危害'],"['霜霉威', '烯酰吗啉', '菌胺', '湿性粉剂']"
245-2,[],['疫病'],"['烯酰吗啉', '克露']"
245-3,[],['疫病危害'],"['霜霉威', '烯酰吗啉', '菌胺', '湿性粉剂']"
246-1,[],['夜蛾类'],"['氯虫酰胺', '氯虫苯甲酰胺', '苏云金杆菌', '茚虫威']"
246-2,[],[],"['氯虫酰胺', '酰胺', '氯虫苯甲酰胺', '茚虫威']"
246-3,[],['夜蛾类'],"['氯虫酰胺', '氯虫苯甲酰胺', '苏云金杆菌', '茚虫威']"
247-1,[],"['缺硼钙', '缺硼']",['速乐硼']
247-2,['辣椒'],"['生理性病害', '脐腐病', '缺钙']","['氨基酸', '氨基酸叶面肥', '螯合钙', '糖醇钙']"
247-3,[],"['缺硼钙', '缺硼']",['速乐硼']
248-1,[],['用药不当'],"['芸苔素内酯', '氨基酸叶面肥', '磷酸二氢钾', '碧护', '叶面肥', '黄腐酸']"
248-2,[],['气害'],[]
248-3,[],['用药不当'],"['芸苔素内酯', '氨基酸叶面肥', '磷酸二氢钾', '碧护', '叶面肥', '黄腐酸']"
249-1,[],['虫害'],"['虫酰肼', '茚虫威', '氟虫双酰胺', '酰胺', '氯虫苯甲酰胺']"
249-2,[],[],"['酰胺', '茚虫威']"
249-3,[],['虫害'],"['虫酰肼', '茚虫威', '氟虫双酰胺', '酰胺', '氯虫苯甲酰胺']"
250-1,[],['生理性病害'],"['氨基酸叶面肥', '磷酸二氢钾', '叶面肥']"
250-2,[],['蓟马'],"['联苯菊酯', '烯啶虫胺', '噻虫嗪', '乙基多杀菌素']"
250-3,[],['生理性病害'],"['氨基酸叶面肥', '磷酸二氢钾', '叶面肥']"
251-1,[],['炭疽病'],"['苯醚甲环唑', '吡唑醚菌酯']"
251-2,['辣椒'],"['炭疽病', '病害表现', '病斑']","['嘧菌酯', '多菌灵', '甲基托布津', '百菌清', '苯醚甲环唑']"
251-3,['辣椒'],"['炭疽病', '病害表现', '病斑']","['嘧菌酯', '多菌灵', '甲基托布津', '百菌清', '苯醚甲环唑']"
252-1,[],[],['氨基酸']
252-2,[],['用药不当'],"['芸苔素内酯', '碧护']"
252-3,[],['用药不当'],"['芸苔素内酯', '碧护']"
253-1,[],['蚜虫'],[]
253-2,[],['蚜虫'],"['吡虫啉', '烯啶虫胺', '噻虫嗪', '螺虫乙酯']"
253-3,[],['蚜虫'],"['吡虫啉', '烯啶虫胺', '噻虫嗪', '螺虫乙酯']"
254-1,[],"['疫病', '炭疽病']","['吡唑嘧菌酯', '烯酰吗啉', '腐霉利', '氟硅唑', '咪鲜胺锰盐', '苯醚甲环唑', '苯甲溴菌腈', '啶氧菌酯']"
254-2,['辣椒'],"['疫病', '炭疽病']",['苯甲溴菌腈']
254-3,[],"['疫病', '炭疽病']","['吡唑嘧菌酯', '烯酰吗啉', '腐霉利', '氟硅唑', '咪鲜胺锰盐', '苯醚甲环唑', '苯甲溴菌腈', '啶氧菌酯']"
255-1,[],['疫病'],"['霜脲锰锌', '烯酰吗啉', '氟吗啉', '锰锌', '氰霜唑', '霜霉威盐酸盐']"
255-2,[],['疫病'],"['普力克', '可杀得', '克露', '杀毒矾', '霜灵']"
255-3,[],['疫病'],"['霜脲锰锌', '烯酰吗啉', '氟吗啉', '锰锌', '氰霜唑', '霜霉威盐酸盐']"
256-2,[],['用药不当'],"['芸苔素内酯', '碧护']"
256-3,[],['用药不当'],"['芸苔素内酯', '碧护']"
257-1,[],[],['咯菌腈']
257-2,[],[],"['福美双', '多菌灵', '湿性粉剂']"
257-3,[],[],"['福美双', '多菌灵', '湿性粉剂']"
258-1,[],['枯草芽孢杆菌'],"['腐植酸', '磷酸二氢钾', '碧护']"
258-2,[],[],"['生物菌肥', '芸苔素内酯']"
258-3,[],['枯草芽孢杆菌'],"['腐植酸', '磷酸二氢钾', '碧护']"
259-1,[],['施药不当'],['微生物菌剂']
259-2,[],['枯草芽孢杆菌'],['氨基酸']
259-3,[],['施药不当'],['微生物菌剂']
260-1,['辣椒'],['疫病危害'],"['氰霜唑', '湿性粉剂', '锰锌']"
260-2,[],['疫病'],"['霜脲锰锌', '烯酰吗啉', '氟吗啉', '锰锌', '氰霜唑', '霜霉威盐酸盐']"
260-3,['辣椒'],['疫病危害'],"['氰霜唑', '湿性粉剂', '锰锌']"
